






government contracts - money, defense department, federal government contracts






































             
            
see defense contracts won


 defense contract totals in 2020   count:3,603,454  dollar amount:$421,753,292,925








home
|
contractor search
|
data downloads
|
about
data updated through 2020







government contracts
                            united states of america
                            defense department





                                defense contractor directory



"hadzic - gradnja" d.o.o. sarajevo ........ 2m cctv inc
2m construction & enterprises ........ 4d tech solutions, inc.
4d technology corporation ........ a & k railroad materials, inc.
a & k septic tank & portable toilets inc ........ a j  foods, inc
a j  jemison enterprises, inc ........ a&g painting contractors inc
a&g services group inc ........ a. p. williams, inc.
a. r. acosta, ltd. ........ aaa investments, llc
aaa laser service & supplies, inc. ........ abatement environmental resour
abatement services, inc ........ abf data systems, inc
abf freight system, inc. ........ abu dhabi national oil company for distribution
abu dhabi national tanker co ........ accl international
acclaim aerospace llc ........ ace rent-a-car, inc.
ace rent-a-car, inc. ........ acr hauling, inc
acr process equipment inc ........ acu group pty ltd
acu-gain coatings, inc. ........ adco industries inc
adco innovative promotional products inc. ........ adrick marine group, inc.
adrienne electronics corp ........ advanced concrete & construction, inc.
advanced conductor technologies llc ........ advanced material logistics
advanced material solutions in ........ advanced tool & machine, llc
advanced tool corporation ........ aecom xnet, llc
aecom, inc. ........ aeroflex r d l corporation
aeroflex systems corp ........ affiliated engineers incorporated
affiliated food services inc ........ aggregate industries, inc.
aggregate industries-swr, inc. ........ ahtna environmental, inc.
ahtna environmental, inc. ........ air liquide america l p
air liquide america l.p. ........ airfield technology inc
airfielduk, ltd ........ aj-allegheny systems
aja inc ........ al larson boat shop
al latifia trading & contracting ........ alan aircraft services, inc.
alan b malelo ........ albert mahr feuerwehrbedarf gmbh
albert neff construction ........ alexander oil company
alexander open systems incorporated ........ all american enterprises, llc
all american environmental services, inc. ........ all star technical services, inc.
all star x-ray, inc ........ allen, robert
allen, robert ........ allied industrial coatings inc
allied industrial distributors ........ alltel kentucky inc
alltel kentucky inc ........ alpha technology group, inc.
alpha technology inc ........ alternativewireless.com, inc.
alternator service inc ........ amatech-polycel, l.l.c.
amatech/polycel llc ........ american alloy steel, inc.
american alloy, llc ........ american devices, inc.
american diabetes association ........ american international clinical enterprise
american international contractors (special projects) inc. ........ american power conversion federal systems inc.
american power devices inc ........ american tank&fabricating co, the
american tank/petroleum servic ........ amerisystems inc
ameritac ........ ampm building maintenance co.
ampol singapore trading pte. ltd. ........ anatech corp
anatech electronics inc. ........ ando electric co. ltd.
ando media, llc ........ anita katarzyna kaczmarek
anita m langham ........ anthony, paul b.
anthony, raymond ........ apex machine tool company, inc.
apex manufacturing company, inc. ........ applications technology (apptek), llc
applications technology, inc ........ applied sciences laboratory incorporated
applied sciencesinc ........ aquatic technologies llc
aquatic technology, inc. ........ arch government services llc
arch hotel project owner, llc ........ ares company
ares construction co, llc ........ arkansas charters, inc
arkansas clean air systems ........ army and air force exchange se
army and air force exchange se ........ arrowhead r v  sales, inc
arrowhead realty corp ........ as2 group llc
asa analysis & communication, inc. ........ ashton, kenneth f
ashton, kevin john ........ associated aircraft supply co. llc
associated alarm enterprises ........ astrolite alloys
astromec, inc ........ atkins, sonia
atkins,billy ........ atlantic video corporation
atlantic video, inc ........ attollo, llc
attop international, llc ........ aurora medical imaging, inc
aurora motel, inc. ........ automated medical products corp.
automated office equipment, inc. ........ avanta orthopaedics, inc
avanta uk limited ........ avionics interface technologies, l.l.c.
avionics international aeg, inc. ........ axium healthcare pharmacy, inc
axium medical group incorporated ........ b & h enterprises
b & h foto & electronics corp. ........ b&d associates incorporated
b&d enterprises ........ backstage music, llc
backstage productions llc ........ bainer, katie l
bair audiologic sales & servic ........ ballistica maximus corporation
ballistica maximus inc ........ barbara j. gee
barbara jean frost ........ barney, patricia
barneys auto supply inc. ........ baseline technology installati
baseline wireless&media ........ baugh handling systems inc
baugh motel inc ........ bayside medical capital equipment llc
bayside medical supply co., inc. ........ beam it security, inc.
beam mack ........ beckman services, inc.
beckmann construction company, inc ........ bell industrial supplies company
bell industries inc ........ beneco-picerne
benecor, inc ........ berglund barry a, leadership c
berglund enterprises llc ........ best choice construction llc
best choice investments ........ better bodies fitness, llc
better body fitness of montana, incorporated ........ bibb tool&cutter, inc.
bibbentuckers llc ........ bill rosenthal & assoc
bill rupp ........ biomedical polymers incorporated
biomedical research alliance of new york llc ........ biswas information technology solutions inc
biswrites communications, ltd ........ blackhawk audio inc
blackhawk biosystems ........ blinds direct
blinds first inc dba all-pro blinds ........ blue source group inc
blue spader contractors, inc. ........ bo russell pllc
bo steel fabrication & structu ........ boeing company, the
boeing company, the ........ bonifay inn
bonilla, abril ........ bose corporation
bose corporation ........ bowker, shannon
bowl master bowling supplies, ........ bradley, elwanda
bradley, erica ........ braun, christine m
brauneis kanalrengungs - und ........ brewer, donna m
brewer, douglas ........ brinckmann & associates, inc
brindlee mountain fire apparatus, llc ........ bronze technical company for general trading & contracting
bronzel forb group ........ brownell, williams inc
brownells manufacturing, inc ........ bsc&consulting inc
bsco inc ........ budget truck rental inc
budget truck rental llc ........ bunn & associates
bunn capitol company ........ burton industries inc
burton industries, inc. ........ butterfly hotels ltd.
butterfly network, inc. ........ c & m machine inc
c & m machining ........ c s taylor business machines
c s u industries, inc ........ c.g. services, llc
c.g.m. di chilese giorgio ........ cadac gmbh region west
cadan corporation ........ calhoun, rory l
calhoun-cleburne mental health board inc ........ calx trading corporation
caly professional services organization, inc. ........ campbellsville university, inc.
campeau corporation ........ canvas, inc.
canvass labs inc. ........ capitol inn, llc
capitol logistics llc ........ cardkey systems, inc
cardlogix ........ carlos manuel ponte vieira, lda
carlos mesa truck supplies ponce, inc ........ carolina vital care inc
carolina waste services inc ........ carson ford inc
carson helicopter services incorporated ........ casepro inc
cases by source inc. ........ catharine valentour
catharsis productions llc ........ ccg systems, inc.
ccg&ppi/cpc a joint venture ........ celebration enterprises, inc.
celebration ministries inc ........ centicare corporation
centice corporation ........ central virginia property management
central vision solutions, inc. ........ certified air technologies, in
certified airworthy parts llc ........ chainbridge solutions incorporated
chainlink research inc ........ charlene christine hill
charlene m becker ........ chatsworth products incorporated
chatsworth, city of ........ cherokee construction, inc
cherokee controls, inc. ........ chick packaging group incorporated (1220)
chick packaging group, inc ........ chopra-lee, inc
chopro, k.k. ........ chugoku nissan diesel k.k.
chugoku tcm co. ltd. ........ cintas document management, llc
cintas document management, llc ........ city of belton (0136)
city of bismarck ........ clarence scheve
clarence wiley ........ classy decor flooring & furnit
classy glass inc ........ clear view windows
clear vision networks, inc ........ clinton enterprises llc
clinton fence co., inc. ........ cnc machine & design, inc
cnc machine and fabrication, inc. ........ coastal marine maintenance company, llc
coastal marine salvage, inc. ........ coelco trade srl
coelho, carlos e ........ coles corner restaurant and ca
coles government contracting ........ colorado research & engineerin
colorado resource solutions, inc. ........ comanche county detention center
comanche county electric cooperative association ........ command performance constructors, inc.
command performance constructors, inc. ........ commonwealth telephone enterpr
commonwealth tent rentals inc ........ compco, inc
compdrug inc ........ compulink technologies, inc.
compumachine inc ........ comserv, inc
comserve corporation ........ condor technology solutions, i
condor technology w.l.l. ........ consensy s computers inc
consensys corporation ........ construction solutions group, llc
construction solutions international, inc. ........ contract furnishings international, inc.
contract furnishings, inc. ........ cook refrigeration & air conditioning
cook ross, inc ........ coptersafety oy
copy 1 inc ........ cornerstone research group, incorporated
cornerstone restaurant supply, llc ........ cortech engineering, inc.
cortech engineering, llc ........ country lawn & landscape care
country living mobile homes incorporated ........ covenant distributors, inc.
covenant electric inc ........ cr consulting services, inc.
cr design&build llc ........ creative 4 construction & mana
creative acoustics inc ........ crespin enterprises, inc.
crespo angela ........ cross cultural communications
cross culture communications ........ cruz containers incorporated
cruz contracting of texas ........ cti
cti and associates, inc. ........ cummins southeastern power inc
cummins southeastern power inc ........ custom fiberglass manufacturing, inc
custom fiberglass molding inc ........ cyber agents, inc.
cyber armed security, llc ........ d & d randall systems integration, inc.
d & d restoration llc ........ d w s international inc.
d waters ........ dac medical inc
dac medical incorporated ........ dakota family dentistry
dakota farms ........ danas technology, llc
danas' music ........ dark horse industries, llc
dark horse technologies llc ........ dataexpress, inc.
datafirst corporation ........ david l masel md
david l mccann md ........ davko services, llc
davlan engineering inc ........ dc lawn services, llc
dc mack, inc. ........ debbie taylor
debbie wagner ........ defense health professionals, llc
defense health solutions, llc ........ deli & more
deli depot ........ deltanu llc
deltares usa inc. ........ denver stellar associates limi
denver water ........ design concepts aluminum fabri
design concepts inc ........ development resources inc
development resources of tenne ........ diamante contractors inc
diamed diagnostica med. produk ........ didrick medical inc
die cut products co inc ........ digital storage solutions inc
digital strategies, inc. ........ direct steel, llc
direct surgical equipment, llc ........ diverse corp.
diverse enterprise ........ djm construction co , inc
djm ecological services, inc. ........ docdirect publishing, llc
docherty, james ........ domino plastics mfg, inc.
domino wiring inc. ........ door ado equipment specialties, corp.
door automation corp ........ dough-boy donuts and catering
dougherty & associates, inc ........ dr  nolan c  babcock
dr  rajendar kimar nangia ........ driftwood hospitality management, llc
driftwood rv center ........ dsr research solutions, inc.
dsr ventures llc ........ dunamiz dwc l.l.c
dunard government services, llc ........ dutra construction co, inc
dutra dredging company ........ dynamic towing equipment&manufacturing inc.
dynamic truck repair inc ........ e s microwave llc
e s p  products, inc ........ eads telecom deutschland gmbh
eady, james l ........ earnest bentley, inc.
earnest h   boyett ........ easterly fabrication llc
easterly, lucy l ........ eb&g enterprises inc
eba enterprises, inc. ........ ecoa industrial products, inc.
ecoair corp ........ edf-rg, llc
edgar brant ........ edward pope dr
edward r underwood ........ eichler, amy
eichman sales associates, llc ........ elcon precision, llc
elcon sales ........ electromechanica, inc.
electromechanical design engin ........ eliason corporation
eliassen & associates inc ........ ellison group services, llc llc
ellison machinery co. ........ emco industries, inc
emco-tec, inc. ........ emory j infinger & assoc cons
emory repair & calibration ser ........ endeavor information systems,
endeavor partners llc ........ engility corporation
engility corporation ........ enos, thomas l
enoserv, llc ........ entranco inc
entratympanic, llc ........ environmental rail solutions inc.
environmental reclamation, inc ........ episensors, inc
epistem limited ........ erhart's food service&management, inc.
erharts catering, inc ........ escheman, frederick
eschenbach zeltbau gmbh&co. kg ........ etablissementen de ronde & dru
etablissements a. deschamps et ........ ev technet llc
ev3 inc. ........ everything electric sales inc
everything entertainment, inc. ........ executive beechcraft, inc.
executive broadband communications, llc ........ express business products
express business systems, inc ........ f c business systems limited liability company
f c construction ........ facsimil paper connection, inc.
fact finders investigations ........ fall creek corporation
fall creek inc ........ farstad oil, inc.
fartech inc ........ fcs construction company
fcs construction services, inc ........ fedquest solutions inc
fedresults, inc. ........ ferrellgas, inc.
ferrellgas, l p ........ fife pearce electric company
fife refrigeration inc ........ fire dog, inc.
fire emergency & safety techno ........ first logistex, inc.
first louisiana resource, llc ........ fitz machine, inc.
fitz, anabela ........ fleming, charles
fleming, donna b ........ florida aerospace partnership, inc.
florida anodizing inc ........ fluidol, inc
fluidtherm corporation of michigan ........ fontenot landscape services llc
fontes, lisa ........ forklifts of minnnesota, inc.
forklifts of quincy, inc ........ foster manufacturing
foster manufacturing co. inc. ........ foxworth-galbraith lumber company
foxx fitness ........ franz group the
franz hagemann gmbh   co kg ........ freese and nichols incorporated
freese motors, inc. ........ frontier dubuque hotels, l.l.c.
frontier electric ........ fujitsu computer systems corpo
fujitsu consulting ........ future fence co inc
future fibre technologies (us) inc. ........ g v k biosciences private limited
g w berkheimer co inc ........ gae dong engineering
gae trading, llc ........ gambrels pro seal inc
gambrills equipment co ........ garrett clocks
garrett construction company ........ gatlin group, inc.
gatlin lumber & supply company ........ ge yokogawa medical systems ltd.
ge zenith controls, inc. ........ general anesthetic services inc
general appliance llc ........ general meters corp
general micro systems inc ........ gentek solutions inc
gentek, inc. ........ george w rumba
george w thew ........ gerinco ingenieria sas
gering, trajan ........ gicellphone
gicellphone corp. ........ giust tecnocommerciale srl
giusti srl ........ glk enterprises inc
glk instruments ........ global odor control technologies of hawaii, inc.
global of rio rancho ........ gloucester orthopaedic clinic pc
gloucester rv sales and servic ........ goldbelt hawk l.l.c.
goldbelt nighthawk llc ........ good shepherd septic service inc., the
good sound co. ........ goss engineers, inc
goss service associates, llc ........ gpt glendale
gpt vicksburg ms incorporated ........ granite group wholesalers llc, the
granite industrial gases, inc. ........ graybar electric company, inc.
graybar electric company, inc. ........ green acres services, inc
green act llc ........ greenvale electric supply corp.
greenvest, llc ........ griggs construction co inc
griggs county telephone co ........ grupo interlab sa
grupo jurdico ambiental, csp ........ guardian pest solutions, inc.
guardian plumbing & heating, inc. ........ gulf-fla doughnut corp
gulf-pacific packaging corporation ........ h & e equipment services l l c
h & e equipment services, inc ........ h. e. lennon, inc.
h. e. s. s. inc ........ hague equipment company of michigan, inc.
hague textiles, inc. ........ hambell llc
hamble aerostructures limited ........ hancock survey associates, inc
hancock video engineering services ........ hanvit rent a car company
hanwa co.,ltd. ........ harlingen consolidated independent school district
harlo corporation ........ harris, roberta
harris, robin ........ haskell office
haskell office, llc ........ hawkins builders inc
hawkins construction company ........ hd supply, inc.
hd systems llc ........ heart of texas art group, inc.
heart of texas landscape co inc ........ heine tools, llc
heine usa, ltd ........ henderson group unlimited, inc., the
henderson heavy haul trucking ........ here to help inc.
here's to your health ........ hertz equipment rental corpora
hertz equipment rental corporation ........ hi-tech metals inc
hi-tech metals, inc. ........ highland falls fort montgomery school district
highland helicopters ltd ........ hilton engineering corp
hilton fujairah resort ........ hitch lester
hitch man inc, the ........ hofman safety&industrial hygiene consulting, inc.
hofmann david a ........ hollander investments, inc.
hollander storage&moving co inc ........ homer t. hayward lumber co.
homer tree service, inc. ........ hope academy preschool, inc.
hope aero propellor&components inc ........ hospitality alliance ag
hospitality alliance ag ........ houghton international inc.
houghton mifflin company ........ hr graphics, inc
hr machinery inc. ........ huffer gesellschaft mit beschraenkter haftung
huffer und sohne, gesellschaft mit beschrankter haftung, maschinen- und fahrzeugtechnik ........ hunter bros inc
hunter bros inc ........ hy-vee, inc.
hy-vee, inc. ........ hydrospace research & development center llc
hydrosprout, inc ........ i.b.m japan, ltd.
i.b.v., ltd ........ icon injection molding, inc.
icon international ........ iesi tx corporation
ieson town office ........ illinois tool works inc.
illinois tool works incorporated (8310) ........ impac management services ltd
impac medical systems incorporated ........ inca/rw beck/stone & webster j
inca/shannon & wilson jv ........ inducco inc
induced gamma e ........ industrial research machine pr
industrial residential security, llc ........ infocus, inc
infodata systems inc ........ ingersoll-rand company
ingersoll-rand company ........ innovative consultants international inc
innovative consultants, llc ........ inroads, inc.
inrock drilling systems corp ........ instrumentation laboratory
instrumentation laboratory (u k) ltd ........ integrated security technologies, inc.
integrated sensing systems, in ........ intematix corporation
intempco usa, inc. ........ intermec/ultra print inc
intermech, inc. ........ international mulch company, inc.
international multifoods corpo ........ interstate brands corporation
interstate brands corporation ........ inventis, inc
inventive electronics, inc ........ iris
iris  unique spectral devices ........ island flooring company, inc.
island group investments llc ........ itfrastructure, inc.
itg consultants, inc ........ j & j colombia services mv
j & j contractors inc ........ j h r i inc
j h rutter-rex mfg co , inc ........ j&s concrete pumping&grouting, inc
j&s construction ........ ja-an services l.l.c.
ja-bar silicone corporation ........ jacobs government services company
jacobs government services company ........ james furuli investment company inc
james g miller jr ........ janice rottschafer
janice white arnp ........ jayex leasing ltd
jaygo incorporated ........ jeff huffman
jeff j. polich, inc. ........ jeppesen dataplan inc
jeppesen gmbh ........ jg & kg inc
jg contracting company, inc. ........ jlg industries (italia) s.r.l.
jlg industries (united kingdom) limited ........ johanniter unfallhilfe e.v.
johanniter unfallhilfe e.v.-bu ........ john wulfs septic tank service
john y wright company inc ........ johnson, joseph c&co inc
johnson, judith lynn & associa ........ jones, j a construction servic
jones, j a management srvices- ........ jourdan hvac/r consulting
jourdan technologies, inc ........ juan maximino diaz
juan mendez ........ jvn marketing, inc
jvr, llc ........ k-belle consultants, l.l.c
k-bob's of raton, inc ........ kala gruenewald stylish living
kala service gmbh ........ kansas truck equipment co., inc.
kansas turnpike authority ........ katherine blais
katherine e. baker ........ kcb equipment company llc
kcb solutions, llc ........ kelley equipment company of fl
kelley erosion control inc ........ kenmar group, inc., the
kenmar, llc ........ kern-mac-lodge inc
kern-tech ........ keytec inc.
keytech services, inc. ........ kimball scarr rustin
kimball's autobody, inc ........ kingstone logistics
kingstown corporation ........ kk ford, lp
kk mold design & machining llc ........ knf clean room products corporation
knf construction inc ........ koetter fire protection of houston llc
koetter fire protection of san antonio, l.l.c. ........ kool radiator service inc
kool-breez llc ........ kranz brothers
kranz enterprises ........ kt systems, inc.
kt tech inc ........ kvk enterprises, inc
kvlividze, manana ........ l a steelcraft products, inc
l a tent rentals inc ........ l.l.a.c., inc.
l.m. cars sprl ........ labsmith inc
labsource, inc. ........ lakepointe environmental group
lakeridge circle associates, llc ........ landia, inc.
landice inc ........ lapc oasis, inc.
lape, linda ........ laser techniques company, llc
laser technology incorporated (0494) ........ law enforcement equipment dist
law enforcement intelligent devices, llc ........ lclc, inc.
lcm, llc ........ ledamark inc.
ledap - laboratorio de energet ........ lehighton electronics, inc.
lehill partners l.l.c. ........ leonine protection systems, llc
leonine protection systems, llc ........ lewis, jimmie m
lewis, john ........ libraryworld, inc.
librascope ........ lightle enterprises of ohio, llc
lightle enterprises of ohio, llc ........ lindsay company
lindsay concrete products co., inc. ........ liskey & sons, inc
lisle, laurence ........ lloyds british testing
lloyds of indiana inc ........ lockheed martin logistics management inc
lockheed martin middle east se ........ lognet worldwide, inc.
logo dynamics incorporated ........ lopez usa
lopez, darlene ........ loumiss technologies llc
loumos flooring llc ........ lq management l.l.c.
lq management l.l.c. ........ lug master, llc
lug-all corp ........ lydall industrial thermal solutions, inc.
lydall performance materials, inc. ........ m & z brandt engineering co lp
m + c medizingerate und chirurgiebedarf vertriebs-gmbh ........ m&t construction
m&t paving&const co , inc ........ mac's vacs llc
mac's vacs, llc ........ macula anthony
macular metrics ii llc ........ magneto & diesel injector service, inc
magneto inductive systems limited ........ maintenance assistance & syste
maintenance connection, inc. ........ man b&w diesel inc
man b&w diesel ltd ........ mansfield hotel partnership
mansfield industrial inc ........ marchant machine corporation
marchant reclamation ........ marine corps community services okinawa
marine corps heritage foundation ........ mark's super service center, inc.
mark, melvin construction company, inc ........ marriott international, inc.
marriott international, inc. ........ martin, michael
martin, otis ........ masan samsung pharmacy
masarti international enterprises llc ........ masters, mike enterprises
masters, milton l ........ matterhackers, inc.
mattermark, inc. ........ maxwell consulting company
maxwell data supplies ........ mc donald-locksmith supply, in
mc donogh farms inc ........ mccormick&company, incorporated
mccormick's body shop, inc ........ mcguire & associates consultin
mcguire & son heating and air, inc ........ mco solutions, inc
mcode usa llc ........ mech-chem associates, inc
mech-el industries, inc. ........ medical chemical corporation
medical coaches incorporated ........ meeting services, inc.
meeting sites pro, incorporated ........ melvina moore
melvyn green & associates ........ mercy medical equipment company
mercy medical transportation inc. ........ messinger bearings corporation
messinger, catherine ........ metrix software solutions limited
metro - sales, inc ........ meyer, mederic r
meyer, meyer, la croix & hixso ........ michael l tyning
michael l. foster&associates, inc. ........ micro way corp
micro west, inc ........ mid america apartment communities incorporated
mid america bank and trust co ........ middle smithfield materials, inc.
middle states association of colleges and schools, the ........ midwest off road center inc
midwest office automation, inc ........ milden j fox jr
mildenhall security ........ miller industrial supply, inc
miller industries towing equipment inc. ........ mind over machines, inc.
mind ware ag ........ miramonte sanitation, inc.
miranda & sons, llc ........ mitchell aircraft expendables, l.l.c.
mitchell aircraft spares, inc. ........ mlu services inc
mlynarczyk ej and co inc ........ moda international inc
modal marketing inc ........ mohrlin gmbh
mohs technical consulting, inc ........ montana datacom, inc.
montana department of environmental quality ........ moore, ursula
moore, valerie ........ morris faulkenberry
morris furniture distributors ........ motion industries, inc.
motion industries, inc. ........ mounts, bryan
mountvue racquet ball club ........ msa systems, inc.
msab incorporated ........ mulligan investments, inc.
mullikin agency, inc., the ........ murray builders
murray county government ........ myacc
myale-niger ........ naasco northeast corp.
naastad bros., inc. ........ nanobio corporation
nanobiosym, inc ........ national air survey center corp.
national air vibrator co., the ........ national institute of aerospace associates
national institute of animal health ........ national waterworks, inc
national welders supply ........ navis logistics network incorporated
navis private joint stock comp ........ neelam funding, inc
neelam inc ........ nesbit, james b
nesbitt ashville venture llc ........ networks, inc
networkxchange ........ new england fire equipment & a
new england floor covering company ........ new time assistance e o o d
new towne constructors llc ........ newton ag inc
newton asphalt paving, inc. ........ nicholas industrial and maintenance services, inc
nicholas j bouras inc ........ nimbis services, inc.
nimble hub llc ........ nobel biocare japan k.k.
nobel biocare usa, llc ........ noreas aptim environmental remediation jv
noreas cb & i jv ........ north carolina state port authority
north carolina state univ ........ northeast industrial power, in
northeast industrial tech metro,llc ........ northrop custom metal, llc
northrop grumman cobham intercoms, llc ........ northwest scale systems inc
northwest school of survival ........ novotel fuerth
novotel nederland b.v. ........ numericraft, inc.
numerics gmbh ........ o'dell, anna
o'dell,sharon&clyde ........ oc wassertechnik gmbh
oc-shirt, inc ........ odyssea shipping line, l l c
odyssey automotive specialty, inc. ........ offshore sports inc
offshore structure analysis, i ........ okinawa nichiyu, y.k.
okinawa nittan company, limited ........ oliviero tours srl
olivo enterprises, inc. ........ omni hotels management corporation
omni hotels management corporation ........ oneida ltd
oneida precision products comp ........ operations technology inc
operations&technology incorporated ........ oracle control systems, inc.
oracle corporation ........ orion group inc, the
orion group international, llc ........ oshkosh equipment sales llc
oshkosh hd, llc ........ output solutions inc
output technologies inc ........ oz planning inc.
oz-arc gas equipment & supply ........ p.t. tirta citra bara persada
p.t.s., inc. ........ pacific lift and equipment company, inc.
pacific lift equipment, inc. ........ packet telecom solutions, inc.
packetlogix, inc. ........ palmer snyder furniture company incorporated
palmer soil&water conservation district ........ pantograms manufacturing co inc
pantojas castillo, jose ........ parasanti inc
parasense, inc ........ parks & billak general contrac
parks & son, inc ........ pasha hawaii transport lines llc
pasha management, inc ........ patriot services, inc
patriot shipping llc ........ pauser nutzfahrzeugtechnik e.k.
pauway corp ........ peabody engineering&supply inc.
peabody hotel group ........ pel llc
pel.ca. 2015 societa' consortile a responsabilita' limitata ........ penske truck leasing co, lp
penske truck leasing co, lp ........ perfect world luggage, inc.
perfecta aviation, llc ........ perry johnson registras inc
perry johnson, inc ........ peterson, richard
peterson, russell ........ phf ii buckhead llc
phf ii burbank llc ........ phoenix international incorporated (7593)
phoenix international raceway, inc ........ picturetel corporation
picturetel corporation ........ pinebelt processing inc
pinebrook cafe ........ pitney bowes bank, inc., the
pitney bowes bank, inc., the ........ plasmaroute cnc llc
plasmarrc, llc ........ plurax, llc
plurax,llc ........ polaris usa video inc
polaris, inc. ........ popular auto inc
popular construction, inc ........ post restaurant fund
post sport fencing inc. ........ power solutions inc
power solutions llc ........ prairie systems & equipment ltd
prairie technologies inc ........ precision governor and controls inc
precision granite usa inc ........ premier carports
premier carts inc ........ prestige i real estate firm l l c
prestige impex inc. ........ primo powder coating&sandblasting
primo promotions, llc ........ pro mar llc
pro marine technology ........ procurement services llc
procurement services of america, llc ........ professional security solutions, inc.
professional security technolo ........ promab biotechnologies
promac inc ........ protective security systems
protective security, inc. ........ psychological associates, inc
psychological consulting associates inc ........ pumping services, inc.
pumping solutions inc ........ pyungtaek jeil environment co., ltd.
pyxis refractories inc ........ quail corporation, inc.
quail electronics inc ........ quality pump and controls, inc
quality pumping&maintenance ........ queeney enterprises, inc.
queens ballpark company, l.l.c. ........ r & d industries, inc.
r & d lawn care l l c ........ r m peterson & associates inco
r m products inc ........ r.a. connelly, inc.
r.a. higgins company, inc. ........ radi medical systems inc
radia enterprises, inc. ........ raimonde drilling corp.
raimondi f.lli snc di raimondi ........ ramirez, julio c
ramirez, luis ........ rapid tool llc
rapid valley volunteer fire deparment inc ........ raymond mcatee
raymond newton ........ rcrv rentals llc
rcs company of tampa inc ........ recio, juanito
recital corporation ........ red sky technologies inc.
red star aviation museum inc ........ reese, william company
reeseinc ........ reids restaurant supplies
reidville hydraulics & mfg, inc. ........ remedpar, inc.
remedy technological services, l.p. ........ replay systems, inc.
replenish ink incorporated ........ respirator solutions inc
respiratory home care of virgi ........ rexroad apg
rexroad supply company ........ rhw management, inc.
rhw management, inc. ........ richland school district
richland school district #1 ........ rilco industrial controls, inc
rilco, inc. ........ river road moving & storage inc
river salvage company, inc. ........ rlj ii - hg bloomington lessee, llc
rlj ii - hh mystic lessee, llc ........ robert e. mason & associates, inc.
robert e. morris company, the, llc. ........ robinson industries inc
robinson industries inc ........ rockwell automation intecolor
rockwell automation service k ........ roger j kaneshiro dds ms inc
roger lange ........ rome-turney radiator co inc
romem aqua systems company, inc ........ roseland inc
rosella's fruit & produce co i ........ rowe enterprises, inc.
rowe inc ........ rsbg incorporated
rsbp limited liability company ........ runase, corp. dba surf tech computers
runcie's catering, l.l.c. ........ rws, inc.
rwt l.l.c. ........ s and s construction products,
s and s farms ........ s.d. ireland brothers corporation
s.d. mackey&associates, llc ........ saf, inc.
saf, inc. ........ sage cad applications inc
sage client 283, llc ........ salina motorsports inc
salina regional health center, inc. ........ san angelo cross texas supply llc
san angelo pro pump, inc ........ sandra eisler art
sandra fox ........ sapelo-national incorporated
sapere consulting inc ........ saudi development and trading
saudi diesel equipment co ........ sca technica incorporated
scacco consulting inc ........ schiller america inc
schiller, alfred l hardware inc ........ schroeder catering service
schroeder construction co ........ scientific and technological solutions company, in
scientific apparatus service, inc ........ scotty's contracting & stone llc
scotty's contracting and stone ........ seahurst electric inc
seair transport services, inc ........ secure elements inc
secure enterprise engineering ........ segato eros   trevelin umberto
segawakisen co.,ltd. ........ semler technologies, inc.
semler, anne marie ........ seoul garden co., ltd.
seoul gas company ........ servicemaster of minot llc
servicemaster of richmond, inc ........ sfc usa inc.
sfc valve corporation ........ sharepoint experts c/o fusewerx ltd
sharepoint networks, llc ........ sheila m  hill
sheila m lugo ........ sheth, gary
shethi, satish ........ shivkrupa hospitality
shivkrupa hospitality llc ........ shubh laxmi inc
shubhada industries ........ sierra aerospace llc
sierra air, inc. ........ signals power & grounding spec
signalscape, inc. ........ silver star telephone company, inc.
silver star transportation ........ simpson technologies corporation
simpson walker contracting corporation ........ sita bormann gmbh
sita business systems, inc. ........ skip miller models llc
skip units ltd ........ slickedit, inc
slide hampton musique ........ smith & smith aircraft international, ltd
smith & son wholesale company, incorporated ........ smiths wolverhampton ltd
smithsolutions, inc ........ social services, louisiana dep
social solutions international, inc. ........ sol wave water
sol's pipe&steel, inc. ........ somay manufacturing, inc.
somay products, inc. ........ souderweld gmbh
soudure technik al 13 inc ........ south shore fire safety equipment distributors inc
south shore generator service, inc. ........ southern choice moving service llc
southern christian leadership conference ........ southern supply company
southern supply company, inc ........ southwestern products, inc.
southwestern pts, llc ........ spartan temporary service
spartan tool, l.l.c ........ specialty tool company usa, llc
specialty tooling systems, inc. ........ speiss, llc
speke resort&conference centre ........ sportrx inc
sports & recreational products ........ squires electronics & appliance inc
squires group inc, the ........ st. johns ship building, inc.
st. joseph equipment inc. ........ standard printing company
standard publishing llc ........ star lab corp.
star leasing co ........ state university of new york
state university of new york @ ........ stein supply group llc
stein survey llc ........ sterling software (u s) inc
sterling software (u.s.), inc. ........ stiles office solutions, inc.
stiles outdoor power equipment ........ storm lake, city of
storm manufacturing corp ........ stratton securities inc
stratton, donald j ........ sts operating, inc.
sts operating, inc. ........ suedleasing gmbh
suedleasing gmbh ........ summit sign service
summit software publishing, inc. ........ sunflower repair service, inc.
sunflower restaurant supply, inc. ........ super bright leds, inc.
super brush, llc ........ supertel hospitality, inc.
supertel hospitality, inc. ........ susan collier
susan cutting ........ sweet, michael
sweetheart motion picture prod ........ syndex recovery systems inc
syndicate medical sanitation, llc ........ system of systems analytics, inc.
system one business products, inc. ........ t and t products llc
t and t remolding ........ t/e3mi support services, llc
t/ir systems llc ........ taiyo birdair corporation
taiyo co., ltd. ........ tangent communications, inc.
tangent computer, inc. ........ tates party rent
tates rents, inc. ........ tcmp government services llc
tcmp navy services 1 llc ........ tech logic corporation
tech manufacturing, llc ........ technique cuisine
technique electrique industrielle sa ........ tecport solutions, inc.
tecquipment inc ........ teledyne defense electronics, llc
teledyne defense electronics, llc ........ tempstaff-forum k.k.
tempsys ........ terracon consultants, inc.
terracon consultants, inc. ........ tetra tech, inc.
tetra tech, inc. ........ tfab huntsville, llc
tfab huntsville, llc ........ the coeur d'alene tribe
the coeur d'alene tribe ........ the larsen group
the laskey company ........ the sherwin-williams company
the sherwin-williams company ........ thermal products inc
thermal resource sales, inc. ........ thomas bruce dba purity cleani
thomas buettner ........ thompson-hollands, johanna
thompson-withers llc ........ ti2e
tia aeronautics inc. ........ timberline hospitalities llc
timberline international, inc. ........ titan international, inc.
titan led, inc. ........ tnn machining company, l.l.c.
tno defensie en veiligheid ........ tom's foods inc
tom's refrigeration service, inc. ........ topaz engineering supply, inc.
topaz, inc. ........ total office solutions, llc
total office solutions, llc ........ toyakoi - rio vista jv, llc
toyakoi ventures, llc ........ trailer outlet, the
trailer plus llc ........ transglobal environmental geoc
transgroup express inc ........ trc-environmental corporation
trc-environmental corporation ........ tri-color photographic incorporated
tri-com corporation ........ tricounty radiology associates
tridair, inc ........ triple k service, inc.
triple k trade and services s al ( off shore) ........ troy denson
troy design&manufacturing co. ........ trustees of indiana university (1673)
trustees of mt holyoke college ........ tufts university (inc)
tug a lug incorporated ........ tuthill vacuum systems
tutka, llc ........ tyonek fabrication corporation
tyonek fabrication corporation ........ u.s.a. spares inc.
u.s.a. wire&cable, inc ........ ultraspectral incorporated
ultrasystems environmental incorporated ........ unimar, inc.
unimark oil company, llc ........ united farm and ranch management incorporated
united farmers cooperative ........ united standard industries, inc.
united states antenna products, l.l.c. ........ universal fire equipment inc
universal floor & wall systems inc ........ university of glasgow (the)
university of greenwich ........ university pediatric associates inc
university physicians, incorporated ........ urs greiner, inc /ohm remediat
urs group  inc ........ usa waste of california, inc.
usa waste of california, inc. ........ v c  uniform
v corp technologies, inc. ........ valle, p d electric co inc
vallejo garbage service inc ........ van kirk sand & gravel inc
van laan concrete construction, inc ........ varney sexton lunsford aye ass
varney, inc ........ velocity parts group llc
velocity software inc ........ verizon new york inc.
verizon north inc ........ veteran corps of america
veteran corps of america ........ victor products corporation
victor products inc ........ village of gurnee
village of hampton ........ virginian 32, inc.
virginian suites hotel inc ........ visual edge technology
visual edge technology inc ........ voith holdings, inc
voith hydro, inc. ........ vulcan engineering&manufacturing, inc.
vulcan fire systems, inc. ........ w. w. williams company, llc, the
w. w. williams company, llc, the ........ wako trade co ltd
wakonda technologies, inc ........ walter g. coale, inc.
walter g. legge company, inc. ........ warren electric motor service
warren electric supply co (inc ........ waste management of arkansas inc
waste management of arkansas, ........ waters technologies corporation
waters truck&tractor co., inc. ........ wayside technology group, inc.
wayss & freytag ag ........ webster-calhoun cooperative telephone association
websurveyor corporation ........ wells global, pllc
wells group, llc, the ........ west coast roofing, inc
west coast rubber recycling, inc. ........ western drilling company, llc.
western drilling services llc ........ westman construction&cabinetry
westman freightliner inc ........ whirlpool corporation
whirlpool corporation ........ whitworth college
whitworth quality clothing, inc. ........ wildlife computers, inc.
wildlife conservation society ........ william t hutchinson co
william t jones iii ........ wilmes superstore, inc
wilmington athletic club 2002, inc ........ windward, inc.
windwood, inc. ........ wisconsin precision casting corporation
wisconsin project-nuclear arms control ........ wollman, paul
wollmeringer, marion s ........ woolpert, inc.
woolpert, inc. ........ worldwide electronics, llc
worldwide enterprise, llc ........ wust gmbh
wutzler machine corporation ........ xerex network technologies
xergy inc. ........ yakima air compressors & equipment inc
yakima athletic club ........ yeshiva university
yeshiva university ........ young men's christian association of south hampton roads
young men's christian association of the greater twin cities ........ zach mccain
zacharias, marion ........ zervigon international, ltd
zerway group inc ........ zust ambrosetti
zuuk international, inc. ........ zzz








defense contractors by zip code


alabama   
                                
                                alaska   
                                
                                american samoa   
                                
                                arizona   
                                
                                arkansas   
                                
                                armed forces americas   
                                
                                armed forces europe   
                                
                                armed forces pacific   
                                
                                california   
                                
                                colorado   
                                
                                connecticut   
                                
                                delaware   
                                
                                district of columbia   
                                
                                florida   
                                
                                georgia   
                                
                                guam   
                                
                                hawaii   
                                
                                idaho   
                                
                                illinois   
                                
                                indiana   
                                
                                iowa   
                                
                                kansas   
                                
                                kentucky   
                                
                                louisiana   
                                
                                maine   
                                
                                marshall islands   
                                
                                maryland   
                                
                                massachusetts   
                                
                                michigan   
                                
                                minnesota   
                                
                                mississippi   
                                
                                missouri   
                                
                                montana   
                                
                                nebraska   
                                
                                nevada   
                                
                                new hampshire   
                                
                                new jersey   
                                
                                new mexico   
                                
                                new york   
                                
                                north carolina   
                                
                                north dakota   
                                
                                northern mariana islands   
                                
                                ohio   
                                
                                oklahoma   
                                
                                oregon   
                                
                                pennsylvania   
                                
                                puerto rico   
                                
                                rhode island   
                                
                                south carolina   
                                
                                south dakota   
                                
                                tennessee   
                                
                                texas   
                                
                                utah   
                                
                                vermont   
                                
                                virgin islands   
                                
                                virginia   
                                
                                washington   
                                
                                west virginia   
                                
                                wisconsin   
                                
                                wyoming   
                                





defense contractors by city



alabama   
                                
                                alaska   
                                
                                american samoa   
                                
                                arizona   
                                
                                arkansas   
                                
                                armed forces americas   
                                
                                armed forces europe   
                                
                                armed forces pacific   
                                
                                california   
                                
                                colorado   
                                
                                connecticut   
                                
                                delaware   
                                
                                district of columbia   
                                
                                florida   
                                
                                georgia   
                                
                                guam   
                                
                                hawaii   
                                
                                idaho   
                                
                                illinois   
                                
                                indiana   
                                
                                iowa   
                                
                                kansas   
                                
                                kentucky   
                                
                                louisiana   
                                
                                maine   
                                
                                marshall islands   
                                
                                maryland   
                                
                                massachusetts   
                                
                                michigan   
                                
                                minnesota   
                                
                                mississippi   
                                
                                missouri   
                                
                                montana   
                                
                                nebraska   
                                
                                nevada   
                                
                                new hampshire   
                                
                                new jersey   
                                
                                new mexico   
                                
                                new york   
                                
                                north carolina   
                                
                                north dakota   
                                
                                northern mariana islands   
                                
                                ohio   
                                
                                oklahoma   
                                
                                oregon   
                                
                                pennsylvania   
                                
                                puerto rico   
                                
                                rhode island   
                                
                                south carolina   
                                
                                south dakota   
                                
                                tennessee   
                                
                                texas   
                                
                                utah   
                                
                                vermont   
                                
                                virgin islands   
                                
                                virginia   
                                
                                washington   
                                
                                west virginia   
                                
                                wisconsin   
                                
                                wyoming   
                                





defense contractors by county



alabama   
                                
                                alaska   
                                
                                american samoa   
                                
                                arizona   
                                
                                arkansas   
                                
                                armed forces americas   
                                
                                armed forces europe   
                                
                                armed forces pacific   
                                
                                california   
                                
                                colorado   
                                
                                connecticut   
                                
                                delaware   
                                
                                district of columbia   
                                
                                florida   
                                
                                georgia   
                                
                                guam   
                                
                                hawaii   
                                
                                idaho   
                                
                                illinois   
                                
                                indiana   
                                
                                iowa   
                                
                                kansas   
                                
                                kentucky   
                                
                                louisiana   
                                
                                maine   
                                
                                marshall islands   
                                
                                maryland   
                                
                                massachusetts   
                                
                                michigan   
                                
                                minnesota   
                                
                                mississippi   
                                
                                missouri   
                                
                                montana   
                                
                                nebraska   
                                
                                nevada   
                                
                                new hampshire   
                                
                                new jersey   
                                
                                new mexico   
                                
                                new york   
                                
                                north carolina   
                                
                                north dakota   
                                
                                northern mariana islands   
                                
                                ohio   
                                
                                oklahoma   
                                
                                oregon   
                                
                                pennsylvania   
                                
                                puerto rico   
                                
                                rhode island   
                                
                                south carolina   
                                
                                south dakota   
                                
                                tennessee   
                                
                                texas   
                                
                                utah   
                                
                                vermont   
                                
                                virgin islands   
                                
                                virginia   
                                
                                washington   
                                
                                west virginia   
                                
                                wisconsin   
                                
                                wyoming   
                                







defense contracts by product/service



a&e inspection services (non-construction) ........ bottles and jars
boxes, cartons, and crates ........ dyes
earth moving and excavating equipment ........ foreign policy/national security policy studies
forest/range fire rehabilitation svcs (non-const) ........ inspection services/ship & marine equipment
inspection services/ships-sml craft-docks ........ lease or rental of eq/miscellaneous equipment
lease or rental of eq/musical instruments-radio ........ maint/radar & navigational facilities
maint/recreation facilities (non-building) ........ metallurgical (basic)
meteorological instruments and apparatus ........ operation/ammunition facilities
operation/ammunition storage buildings ........ other quality cntl svcs/nuclear ordnance
other quality cntl svcs/office machines ........ purchase/other miscellaneous buildings
purchase/other residential buildings ........ rdte/air pollution-applied research
rdte/air pollution-basic research ........ rdte/missile and space systems-mgmt support
rdte/missile and space systems-op system develop ........ rdte/space-science applications-op system develop
rdte/space-station-adv tech dev ........ research and development
research & development facilities ........ tech rep svcs/toiletries
tech rep svcs/tractors ........ zzz










defense contracts by weapon system



105mm art ammunition all types ........ an/mps-t1 radar control van
an/msc-46 sat comm term ........ c-5a
c-5b ........ f-4 phantom ii
f-4 phantom ........ landing ship dock-lsd
landing ship tank-lst ........ photo proc intrep sys
physical security systems ........ tow
towed sonar array ........ zzz










defense contracts by place of performance



a-1 trailer park, arizona (a-1 trailer park county) ........ accomack, virginia (accomack county)
accord, massachusetts (accord county) ........ addicks, texas (addicks county)
addie, idaho (addie county) ........ air mail field, indiana (air mail field county)
air materiel command, ohio (air materiel command county) ........ aldan, penn (aldan county)
alden, illinois (alden county) ........ allenspark, colorado (allenspark county)
allenspark, colorado (allenspark county) ........ alton, california (alton county)
alton, alabama (alton county) ........ anchorage, illinois (anchorage county)
anchorage, utah (anchorage county) ........ anton, texas (anton county)
anton chico, new mexico (anton chico county) ........ arenas valley, new mexico (arenas valley county)
arendtsville, pennsylvania (arendtsville county) ........ arthur, new york (arthur county)
arthur, utah (arthur county) ........ athens, ohio (athens county)
athens, penn (athens county) ........ aurora, maine (aurora county)
aurora, illinois (aurora county) ........ bahama, north carolina (bahama county)
bahama, north carolina (bahama county) ........ barataria, louisiana (barataria county)
barbados ........ batchtown, illinois (batchtown county)
bateman, texas (bateman county) ........ beacon falls, connecticut (beacon falls county)
beacon hill, maryland (beacon hill county) ........ bel marin keys, california (bel marin keys county)
bel marin keys, california (bel marin keys county) ........ belmont, penn (belmont county)
belmont, s carolina (belmont county) ........ berks (county), penn (berks (county) county)
berkshire, mass (berkshire county) ........ biddeford, maine (biddeford county)
biddeford pool, maine (biddeford pool county) ........ black earth, wisconsin (black earth county)
black earth, wisconsin (black earth county) ........ blowing rock, north carolina (blowing rock county)
blowing rock, n carolina (blowing rock county) ........ bon air, virginia (bon air county)
bon aqua, tennessee (bon aqua county) ........ bourbon, missouri (bourbon county)
bourbon, missouri (bourbon county) ........ brandywine, w virginia (brandywine county)
brandywine, west virginia (brandywine county) ........ brigantine, new jersey (brigantine county)
brigantine, new jersey (brigantine county) ........ brookline, n.h. (brookline county)
brookline, massachusetts (brookline county) ........ bryant, california (bryant county)
bryant, new york (bryant county) ........ burgess, virginia (burgess county)
burgess, virginia (burgess county) ........ cabell, w virginia (cabell county)
cabell, w virginia (cabell county) ........ cambridge, vermont (cambridge county)
cambridge city, indiana (cambridge city county) ........ canaveral beach, florida (canaveral beach county)
canaveral harbor, florida (canaveral harbor county) ........ caribou, maine (caribou county)
carl junction, missouri (carl junction county) ........ casa serena mobile h, arizona (casa serena mobile h county)
casas adobes, arizona (casas adobes county) ........ cedar creek, new mexico (cedar creek county)
cedar creek, texas (cedar creek county) ........ central, penn (central county)
central, kansas (central county) ........ charlemont, mass (charlemont county)
charlemont, mass (charlemont county) ........ cherry downs, new jersey (cherry downs county)
cherry downs, new jersey (cherry downs county) ........ chilmark, massachusetts (chilmark county)
chilmark, massachusetts (chilmark county) ........ city of frohna, missouri (city of frohna county)
city of frohna, missouri (city of frohna county) ........ clarksville, penn (clarksville county)
clarksville, tennessee (clarksville county) ........ clifton, ohio (clifton county)
clifton heights, missouri (clifton heights county) ........ cocoa beach, florida (cocoa beach county)
cocoa, florida (cocoa county) ........ colmesneil, texas (colmesneil county)
colmesneil, texas (colmesneil county) ........ compton, california (compton county)
compton park, ohio (compton park county) ........ coppell, texas (coppell county)
coppell, texas (coppell county) ........ country club estates, penn (country club estates county)
country club estates, penn (country club estates county) ........ crestview, georgia (crestview county)
crestview, florida (crestview county) ........ culbertson, nebraska (culbertson county)
culbertson, montana (culbertson county) ........ dalton, mass (dalton county)
dalton, michigan (dalton county) ........ daytona beach region, florida (daytona beach region county)
daytona beach region, florida (daytona beach region county) ........ del norte county, california (del norte county county)
del norte county, california (del norte county county) ........ des moines, iowa (des moines county)
des moines, washington (des moines county) ........ dixmoor, illinois (dixmoor county)
dixmoor, illinois (dixmoor county) ........ downingtown, penn (downingtown county)
downs, illinois (downs county) ........ dundalk, maryland (dundalk county)
dundee, florida (dundee county) ........ east auburn, washington (east auburn county)
east auburn, washington (east auburn county) ........ east kansas city, missouri (east kansas city county)
east keokuk, illinois (east keokuk county) ........ east saint johnsbury, vermont (east saint johnsbury county)
east saint louis, illinois (east saint louis county) ........ eastwood, colorado (eastwood county)
eaton, california (eaton county) ........ eight mile, alabama (eight mile county)
eighty four, penn (eighty four county) ........ elkton heights, maryland (elkton heights county)
elkton, missouri (elkton county) ........ emmertsville, maryland (emmertsville county)
emmertsville, maryland (emmertsville county) ........ estrella, california (estrella county)
estrella, california (estrella county) ........ fair hill, virginia (fair hill county)
fair lawn, new jersey (fair lawn county) ........ fairview park, penn (fairview park county)
fairview park, penn (fairview park county) ........ federal, kentucky (federal county)
federal, mass (federal county) ........ flagler beach, florida (flagler beach county)
flagler, florida (flagler county) ........ ford heights, illinois (ford heights county)
ford heights, illinois (ford heights county) ........ fort gates, texas (fort gates county)
fort gates, texas (fort gates county) ........ fort trumbull, conn (fort trumbull county)
fort trumbull, conn (fort trumbull county) ........ franklin grove, illinois (franklin grove county)
franklin grove, n carolina (franklin grove county) ........ friendship, georgia (friendship county)
friendship, maryland (friendship county) ........ gambell, alaska (gambell county)
gambell, alaska (gambell county) ........ geneva, new york (geneva county)
geneva, ohio (geneva county) ........ gladstone, missouri (gladstone county)
gladstone, michigan (gladstone county) ........ glenview naval air s, illinois (glenview naval air s county)
glenview, california (glenview county) ........ gospel grove, indiana (gospel grove county)
gospel grove, indiana (gospel grove county) ........ grantham, new hampshire (grantham county)
grants, new mexico (grants county) ........ greenbelt, maryland (greenbelt county)
greenberry crossroad, georgia (greenberry crossroad county) ........ gretna, louisiana (gretna county)
gretna, nebraska (gretna county) ........ gunterville dam, alabama (gunterville dam county)
gunterville dam, alabama (gunterville dam county) ........ hamlet, ohio (hamlet county)
hamlet, n carolina (hamlet county) ........ hardin, missouri (hardin county)
hardin, montana (hardin county) ........ harvard, nebraska (harvard county)
harvard, illinois (harvard county) ........ head river, georgia (head river county)
head river, georgia (head river county) ........ hess island, penn (hess island county)
hessdale, kansas (hessdale county) ........ hilliard, florida (hilliard county)
hilliards, penn (hilliards county) ........ holland, ohio (holland county)
holland, penn (holland county) ........ hoodville, penn (hoodville county)
hookers hot springs, arizona (hookers hot springs county) ........ howelton, alabama (howelton county)
howes cave, new york (howes cave county) ........ hurley, new york (hurley county)
hurley, virginia (hurley county) ........ indian lake, new york (indian lake county)
indian lake, penn (indian lake county) ........ irving, new york (irving county)
irving, texas (irving county) ........ jacksonville, florida (jacksonville county)
jacksonville, georgia (jacksonville county) ........ jennings store, virginia (jennings store county)
jensen beach, florida (jensen beach county) ........ justin, texas (justin county)
k. i. sawyer afb, michigan (k. i. sawyer afb county) ........ kelsa, virginia (kelsa county)
kelsa, virginia (kelsa county) ........ keymar, maryland (keymar county)
keymar, maryland (keymar county) ........ kingwood, w virginia (kingwood county)
kingwood, oregon (kingwood county) ........ kuwait
kwigillingok (anv/an, alaska (kwigillingok (anv/an county) ........ lafox (rr name la fo, illinois (lafox (rr name la fo county)
lago, texas (lago county) ........ lake saint louis, missouri (lake saint louis county)
lake saint louis, missouri (lake saint louis county) ........ lancaster, massachusetts (lancaster county)
lancasterville, penn (lancasterville county) ........ laurel grove, maryland (laurel grove county)
laurel heights, texas (laurel heights county) ........ lee hall, virginia (lee hall county)
lee hall, virginia (lee hall county) ........ levittown, penn (levittown county)
levittown, * (levittown county) ........ lincoln, nebraska (lincoln county)
lincoln, new jersey (lincoln county) ........ little lake, california (little lake county)
little lake, michigan (little lake county) ........ lomita park, california (lomita park county)
lompoc, california (lompoc county) ........ louisa, kentucky (louisa county)
louisa, iowa (louisa county) ........ luther burbank, california (luther burbank county)
luther, oklahoma (luther county) ........ madison, georgia (madison county)
madison, illinois (madison county) ........ manchester, kentucky (manchester county)
manchester, maine (manchester county) ........ marco (marco island), florida (marco (marco island) county)
marcus hook, penn (marcus hook county) ........ marshall, michigan (marshall county)
marshall, minnesota (marshall county) ........ mauldin, s carolina (mauldin county)
maumee, ohio (maumee county) ........ mccook, nebraska (mccook county)
mccool junction, nebraska (mccool junction county) ........ medford, maryland (medford county)
medford, mass (medford county) ........ meridian, illinois (meridian county)
meridian, mississippi (meridian county) ........ middleton, tennessee (middleton county)
middleton, wisconsin (middleton county) ........ miller place, new york (miller place county)
millers bluff, arkansas (millers bluff county) ........ minocqua, wisconsin (minocqua county)
minonk, illinois (minonk county) ........ monona, iowa (monona county)
monona, wisconsin (monona county) ........ montrose, new york (montrose county)
montross, virginia (montross county) ........ morton, minnesota (morton county)
morton, mississippi (morton county) ........ mount union, penn (mount union county)
mount union, penn (mount union county) ........ murrayville, georgia (murrayville county)
murrayville, georgia (murrayville county) ........ naval air station, california (naval air station county)
naval air station, florida (naval air station county) ........ new buffalo, michigan (new buffalo county)
new burlington, ohio (new burlington county) ........ new river, arizona (new river county)
new river marine cor, n carolina (new river marine cor county) ........ newport nrmc, rhode isld (newport nrmc county)
newport nrmc, rhode isld (newport nrmc county) ........ norfolk, virginia (norfolk county)
norfolk ns, virginia (norfolk ns county) ........ north grand forks, n dakota (north grand forks county)
north grantham, n.h. (north grantham county) ........ north roseburg, oregon (north roseburg county)
north roseburg, oregon (north roseburg county) ........ northumberland, virginia (northumberland county)
northvale, new jersey (northvale county) ........ oak island, n carolina (oak island county)
oak island junction, new jersey (oak island junction county) ........ ochlocknee, georgia (ochlocknee county)
ocilla, georgia (ocilla county) ........ old town, arkansas (old town county)
old town, florida (old town county) ........ orchard farm, missouri (orchard farm county)
orchard hill, georgia (orchard hill county) ........ otoe county, nebraska (otoe county county)
otoe, nebraska (otoe county) ........ paine field-lake sti, washington (paine field-lake sti county)
painesville, ohio (painesville county) ........ parchment, michigan (parchment county)
pardeesville, penn (pardeesville county) ........ paukukalo, hawaii (paukukalo county)
paul, idaho (paul county) ........ pennington, s dakota (pennington county)
penns grove, new jersey (penns grove county) ........ philadelphia, missouri (philadelphia county)
philadelphia, new york (philadelphia county) ........ pine valley, wisconsin (pine valley county)
pine valley, california (pine valley county) ........ plainville, conn (plainville county)
plainville, mass (plainville county) ........ point judith, rhode isld (point judith county)
point judith, rhode isld (point judith county) ........ port everglades junc, florida (port everglades junc county)
port everglades junc, florida (port everglades junc county) ........ potter, texas (potter county)
potterstown, new jersey (potterstown county) ........ promontory, utah (promontory county)
prompton, pennsylvania (prompton county) ........ quincy, washington (quincy county)
quincy, missouri (quincy county) ........ ravalli, montana (ravalli county)
ravalli, montana (ravalli county) ........ reid, n carolina (reid county)
reid, n carolina (reid county) ........ richmond, utah (richmond county)
richmond, virginia (richmond county) ........ river club estates, maryland (river club estates county)
river edge, new jersey (river edge county) ........ rochester, new york (rochester county)
rochester, ohio (rochester county) ........ rohwer, arkansas (rohwer county)
roland park, maryland (roland park county) ........ rothschild, wisconsin (rothschild county)
rothschild, wisconsin (rothschild county) ........ ryers, penn (ryers county)
ryers, penn (ryers county) ........ saint lucie, florida (saint lucie county)
saint marie, montana (saint marie county) ........ samoset, florida (samoset county)
samson, alabama (samson county) ........ sandusky, michigan (sandusky county)
sandwich, mass (sandwich county) ........ saunderstown, rhode isld (saunderstown county)
sauquoit, new york (sauquoit county) ........ seabeck, washington (seabeck county)
seabrook beach, n.h. (seabrook beach county) ........ sextons creek, kentucky (sextons creek county)
sextons creek, kentucky (sextons creek county) ........ sheridan, oregon (sheridan county)
sheridan, wyoming (sheridan county) ........ silver lakes estates, indiana (silver lakes estates county)
silver point, tennessee (silver point county) ........ smithfield, maine (smithfield county)
smithland, kentucky (smithland county) ........ south baltimore, maryland (south baltimore county)
south barrington, illinois (south barrington county) ........ south parkersburg, w virginia (south parkersburg county)
south pasadena, california (south pasadena county) ........ southridge, florida (southridge county)
southridge, florida (southridge county) ........ spring valley, virginia (spring valley county)
spring valley, washington (spring valley county) ........ st. louis, missouri (st. louis county)
st. louis, michigan (st. louis county) ........ steilacoom, washington (steilacoom county)
steilacoom, washington (steilacoom county) ........ straight creek, kentucky (straight creek county)
straight creek, kentucky (straight creek county) ........ sumter, s carolina (sumter county)
sumterville, florida (sumterville county) ........ swayzee, indiana (swayzee county)
, swaziland  ........ tappan, new york (tappan county)
tappan, new york (tappan county) ........ texas-okla. state li, oklahoma (texas-okla. state li county)
texas & pacific junc, texas (texas & pacific junc county) ........ tippecanoe, ohio (tippecanoe county)
tippecanoe, ohio (tippecanoe county) ........ town of hillsborough, n.h. (town of hillsborough county)
town of hillsborough, n.h. (town of hillsborough county) ........ tracys landing, maryland (tracys landing county)
tracys landing, maryland (tracys landing county) ........ tucker, arizona (tucker county)
tuckerman, arkansas (tuckerman county) ........ ulster park, new york (ulster park county)
ulster, new york (ulster county) ........ university, mississippi (university county)
university, new mexico (university county) ........ van lear, kentucky (van lear county)
van lear, kentucky (van lear county) ........ vidor, texas (vidor county)
vidor, texas (vidor county) ........ wabun, virginia (wabun county)
wabun, virginia (wabun county) ........ walnut creek, ohio (walnut creek county)
walnut creek west, california (walnut creek west county) ........ wartburg, tennessee (wartburg county)
wartburg, tennessee (wartburg county) ........ waukon, iowa (waukon county)
waukon, iowa (waukon county) ........ wellesley hills, mass (wellesley hills county)
wellesley hills, massachusetts (wellesley hills county) ........ west falls church, virginia (west falls church county)
west falls church, virginia (west falls church county) ........ west savannah, georgia (west savannah county)
west savannah, georgia (west savannah county) ........ weston, colorado (weston county)
weston, w virginia (weston county) ........ white post, virginia (white post county)
white river junction, vermont (white river junction county) ........ wilkesboro, n carolina (wilkesboro county)
wilkesboro, n carolina (wilkesboro county) ........ wilton center, n.h. (wilton center county)
wilton center, n.h. (wilton center county) ........ wisconsin dells, wisconsin (wisconsin dells county)
wisconsin, kentucky (wisconsin county) ........ woodville, texas (woodville county)
woodville, alabama (woodville county) ........ yemen
yerington, nevada (yerington county) ........ zzz










defense contracts by contracting office



0408 aq hq     kuwait ........ aca, fort bliss
aca, fort bragg ........ darpa contract management dir.
dcma aeronautical systems division ........ dla  aviation - ogden
dla aviation ........ fa8612  aflcmc caio
fa8637  aflcmc wwy ........ military sealift command pacific
military sealift command ........ naval station newport
naval station ........ nrotcu virginia military institute
nrotcu virginia polytechnic ........ strike fighter squadron 87   vfa 87
strike fighter squadron fifteen ........ uspfo for district of columbia
uspfo for florida ........ william beaumont army medical
wr-alc/lak ........ zzz












search 


defense contractors:


   contractors by name



   contractors by zip code



   contractors by city



   contractors by county



   contractors by state


defense contracts:


   contracts by   product/service



   contracts by   weapon system



   contracts by   place of performance



   contracts by   contracting office



directories 


defense contracts:


   contractors by name



   contractors by zip code



   contractors by city



   contractors by county



   contracts by   product/service



   contracts by   weapon system



   contracts by   place of performance



   contracts by   contracting office

















 copyright © 2025 governmentcontractswon.com all rights reserved.  disclaimer 



